,Global HFI,Equity Hedge,Event Driven,Macro/CTA,Relative Value,RV:FI Convertible Arbitrage
Global HFI,1.0,0.9055979508449811,0.848660407015438,0.46609041399442197,0.6748455070277047,0.363430831087234
Equity Hedge,0.9055979508449811,1.0,0.7482809186334807,0.24375577430006348,0.4921416371564484,0.22890455925095746
Event Driven,0.848660407015438,0.7482809186334807,1.0,0.17737808031292307,0.5417535463728167,0.2977350457089979
Macro/CTA,0.46609041399442197,0.24375577430006348,0.17737808031292307,1.0,0.09423492745982562,0.006553748557033956
Relative Value,0.6748455070277047,0.4921416371564484,0.5417535463728167,0.09423492745982562,1.0,0.5568359794304355
RV:FI Convertible Arbitrage,0.363430831087234,0.22890455925095746,0.2977350457089979,0.006553748557033956,0.5568359794304355,1.0
