,Global HFI,Equity Hedge,Event Driven,Macro/CTA,Relative Value,RV:FI Convertible Arbitrage
Global HFI,1.0,0.9054442280766595,0.8614056198377872,0.2868015816619553,0.8671288505742384,0.3697470869618068
Equity Hedge,0.9054442280766595,1.0,0.633211134454462,0.289258665359064,0.674234655946204,0.5671273606088005
Event Driven,0.8614056198377872,0.633211134454462,1.0,0.08520735871377841,0.8109462650701467,0.001556055192984962
Macro/CTA,0.2868015816619553,0.289258665359064,0.08520735871377841,1.0,-0.08515663685480913,-0.17596203768002247
Relative Value,0.8671288505742384,0.674234655946204,0.8109462650701467,-0.08515663685480913,1.0,0.34145671740800554
RV:FI Convertible Arbitrage,0.3697470869618068,0.5671273606088005,0.001556055192984962,-0.17596203768002247,0.34145671740800554,1.0
